Unnamed: 0,Unnamed: 1,Unnamed: 2,Unnamed: 3,Unnamed: 4,Unnamed: 5,Unnamed: 6,Unnamed: 7,Unnamed: 8,Unnamed: 9,Unnamed: 10,Unnamed: 11,Unnamed: 12,Unnamed: 13,Unnamed: 14,Unnamed: 15,Unnamed: 16
,Back to the table of content,,,,,,,,,,,,,,,
,Table 3.19:  Levelised cost of electricity for fuel cells,,,,,,,,,,,,,,,
,Country,Technology,Net capacity (MWe),"Capacity
 factor (%)",Investment (USD/MWh),,,Decommissioning (USD/MWh),,,Fuel Cost (USD/MWh),O&M (USD/MWh),LCOE (USD/MWh),,,Country
,,,,,0.03,0.07,0.1,0.03,0.07,0.1,,,0.03,0.07,0.1,
,France,Fuel cell,0.00265,0.85,58.604594084653954,82.30009465681613,102.41168139472909,1.5522038821299766,0.9613191189818306,0.6604952920782424,111.11111111111114,42.65624467484267,213.92415375273777,237.02876956175177,256.8395324727611,France
,,Fuel cell,0.2025,0.85,53.27690371332177,74.81826786983285,93.1015285406628,1.4110944382999788,0.8739264718016642,0.6004502655256748,111.11111111111114,22.589812982156527,188.38892224488944,209.3931184349022,227.40290289945608,
,,Fuel cell,15.2,0.85,21.310761485328708,29.927307147933142,37.240611416265125,0.5644377753199915,0.34957058872066565,0.2401801062102699,111.11111111111114,36.754353000523224,169.74066337228305,178.14234184828817,185.34625563410967,
,Norway,Fuel cell,1,0.85,31.857050782518787,44.73776050903221,55.670279538193014,0.8437672621093362,0.5225664040497078,0.3590406586718599,111.11111111111114,1.6935889836270888,145.50551813936636,158.06502700782016,168.83402029160305,Norway
,"**** Without specific data available, the storage capacity was set at 4 hours by default. ",,,,,,,,,,,,,,,
